signal_date,n_source,n_with_history
2002-07-31,3822,0
2002-08-31,3853,0
2002-09-30,3885,0
2002-10-31,3904,0
2002-11-30,3946,0
2002-12-31,3961,0
2003-01-31,3969,3540
2003-02-28,3988,3500
2003-03-31,3992,3572
2003-04-30,3981,3520
2003-05-31,4026,3627
2003-06-30,4040,3565
2003-07-31,4022,3621
2003-08-31,4016,3641
2003-09-30,4070,3599
2003-10-31,4077,3664
2003-11-30,4128,3624
2003-12-31,4152,3751
2004-01-31,4174,3775
2004-02-29,4196,3728
2004-03-31,4201,3802
2004-04-30,4156,3725
2004-05-31,4143,3812
2004-06-30,4097,3697
2004-07-31,4078,3740
2004-08-31,4101,3754
2004-09-30,4127,3728
2004-10-31,4112,3770
2004-11-30,4123,3719
2004-12-31,3128,2827
2005-01-31,3129,2845
2005-02-28,3130,2807
2005-03-31,3152,2876
2005-04-30,3148,2841
2005-05-31,3138,2883
2005-06-30,3146,2823
2005-07-31,3157,2851
2005-08-31,3151,2824
2005-09-30,3132,2763
2005-10-31,3134,2826
2005-11-30,3118,2767
2005-12-31,3097,2809
2006-01-31,3096,2816
2006-02-28,3084,2769
2006-03-31,3101,2819
2006-04-30,3100,2790
2006-05-31,3105,2815
2006-06-30,3092,2761
2006-07-31,3085,2823
2006-08-31,3103,2810
2006-09-30,3126,2784
2006-10-31,3151,2847
2006-11-30,3148,2801
2006-12-31,3139,2839
2007-01-31,3135,2823
2007-02-28,3098,2753
2007-03-31,3097,2814
2007-04-30,3073,2767
2007-05-31,3094,2814
2007-06-30,3112,2753
2007-07-31,3100,2804
2007-08-31,3107,2779
2007-09-30,3152,2761
2007-10-31,3156,2795
2007-11-30,3135,2740
2007-12-31,3175,2858
2008-01-31,3165,2853
2008-02-29,3163,2811
2008-03-31,3192,2900
2008-04-30,3233,2873
2008-05-31,3259,2922
2008-06-30,3274,2881
2008-07-31,3268,2947
2008-08-31,3269,2956
2008-09-30,3227,2895
2008-10-31,3238,2995
2008-11-30,3219,2949
2008-12-31,3186,3008
2009-01-31,3191,3001
2009-02-28,3231,2974
2009-03-31,3303,3002
2009-04-30,3298,2970
2009-05-31,3355,3008
2009-06-30,3337,2939
2009-07-31,3365,2985
2009-08-31,3388,3003
2009-09-30,3414,2966
2009-10-31,3425,3022
2009-11-30,3482,2971
2009-12-31,3488,3086
2010-01-31,3489,3090
2010-02-28,3461,3018
2010-03-31,3479,3087
2010-04-30,3483,3054
2010-05-31,3520,3186
2010-06-30,3530,3144
2010-07-31,3566,3214
2010-08-31,3613,3204
2010-09-30,3699,3173
2010-10-31,3723,3246
2010-11-30,3744,3180
2010-12-31,3766,3260
2011-01-31,3786,3286
2011-02-28,3769,3220
2011-03-31,3792,3387
2011-04-30,3786,3344
2011-05-31,3841,3451
2011-06-30,3847,3399
2011-07-31,3877,3497
2011-08-31,3923,3507
2011-09-30,3950,3464
2011-10-31,3950,3543
2011-11-30,4008,3507
2011-12-31,4036,3618
2012-01-31,4052,3637
2012-02-29,4081,3592
2012-03-31,4125,3699
2012-04-30,4110,3642
2012-05-31,4085,3689
2012-06-30,4149,3638
2012-07-31,4159,3671
2012-08-31,4332,3715
2012-09-30,4383,3660
2012-10-31,4456,3804
2012-11-30,4486,3754
2012-12-31,4528,3886
2013-01-31,4576,3947
2013-02-28,4588,3887
2013-03-31,4618,4118
2013-04-30,4607,4060
2013-05-31,4634,4130
2013-06-30,4635,4062
2013-07-31,4672,4225
2013-08-31,4736,4253
2013-09-30,4773,4204
2013-10-31,4815,4320
2013-11-30,4899,4280
2013-12-31,4903,4392
2014-01-31,4931,4404
2014-02-28,4930,4349
2014-03-31,4987,4476
2014-04-30,5007,4431
2014-05-31,5052,4574
2014-06-30,5080,4512
2014-07-31,5113,4610
2014-08-31,5141,4632
2014-09-30,5178,4571
2014-10-31,5179,4697
2014-11-30,5249,4634
2014-12-31,5245,4761
2015-01-31,5250,4766
2015-02-28,5262,4704
2015-03-31,5314,4801
2015-04-30,5293,4723
2015-05-31,5362,4864
2015-06-30,5394,4795
2015-07-31,5407,4845
2015-08-31,5443,4880
2015-09-30,5464,4824
2015-10-31,5480,4955
2015-11-30,5521,4898
2015-12-31,5530,5076
2016-01-31,5521,5100
2016-02-29,5555,5056
2016-03-31,5592,5137
2016-04-30,5555,5048
2016-05-31,5584,5138
2016-06-30,5551,5037
2016-07-31,5575,5103
2016-08-31,5628,5130
2016-09-30,5491,4927
2016-10-31,5500,5036
2016-11-30,5492,4970
2016-12-31,5481,5057
2017-01-31,5467,5037
2017-02-28,5477,4983
2017-03-31,5479,5060
2017-04-30,5453,4993
2017-05-31,5464,5032
2017-06-30,5471,4955
2017-07-31,5447,5019
2017-08-31,5448,4982
2017-09-30,5494,4960
2017-10-31,5506,5052
2017-11-30,5538,4990
2017-12-31,5530,5104
2018-01-31,5523,5080
2018-02-28,5538,5021
2018-03-31,5526,5090
2018-04-30,5539,5025
2018-05-31,5549,5117
2018-06-30,5546,5015
2018-07-31,5512,5088
2018-08-31,5542,5119
2018-09-30,5544,5064
2018-10-31,5514,5150
2018-11-30,5491,5077
2018-12-31,5459,5173
2019-01-31,5441,5120
2019-02-28,5444,5048
2019-03-31,5478,5127
2019-04-30,5458,5081
2019-05-31,5488,5133
2019-06-30,5524,5075
2019-07-31,5508,5119
2019-08-31,5552,5130
2019-09-30,5565,5034
2019-10-31,5531,5075
2019-11-30,5549,4990
2019-12-31,5491,5084
2020-01-31,5481,5063
2020-02-29,5490,5006
2020-03-31,5438,5163
2020-04-30,5637,5051
2020-05-31,5790,5126
2020-06-30,5818,5041
2020-07-31,5839,5047
2020-08-31,5928,5059
2020-09-30,5884,4960
2020-10-31,5890,5225
2020-11-30,5912,5171
2020-12-31,5899,5438
2021-01-31,5896,5463
2021-02-28,5875,5396
2021-03-31,5901,5500
2021-04-30,5872,5442
2021-05-31,5907,5502
2021-06-30,5915,5431
2021-07-31,5888,5480
2021-08-31,5935,5461
2021-09-30,5924,5372
2021-10-31,5912,5474
2021-11-30,5934,5408
2021-12-31,5897,5504
2022-01-31,5909,5497
2022-02-28,5902,5444
2022-03-31,5895,5537
2022-04-30,5885,5484
2022-05-31,5867,5534
2022-06-30,5857,5477
2022-07-31,5836,5545
2022-08-31,5794,5549
2022-09-30,5749,5503
2022-10-31,5706,5584
2022-11-30,5674,5544
